{
  "m_InitPos": {
    "x": 936.28106689453125,
    "y": -1719.2960205078125,
    "z": 3.1394863128662109
  },
  "m_InitRot": {
    "x": -2.434596808598144E-07,
    "y": 0.14982938766479492,
    "z": 137.7930908203125
  }
}
